message,class
แมนฯซิตี้ งานเข้า จนได้เมื่อ เฟร์รัน ตอร์เรส ปีก ตัวเก่ง จะต้อง ร้างสนาม ไป ราว หกสัปดาห์ เนื่องจาก บาดเจ็บ มาจาก การ ลงเล่น ให้ ทีม ชาติสเปน,Yes
เชลซี จ่าฝูง พรีเมียร์ลีก เจอ ปัญหาใหญ่ ก่อน เกม พรีเมียร์ลีก เสาร์นี้ นัดบุก ไปเยือน เบรนท์ฟอร์ด เมื่อต้องรอ เช็ค ความฟิต ของ โรเมลู ลูกากู หัวหอกคนสำคัญ แถม รวมแล้ว อาจขาด นักเตะ ลงสนาม มากถึง หกราย ด้วย,Yes
ไม่ต้อง เสียเวลา เดา ฟาบินโญ่ กองกลาง ทีมชาติ บราซิล เปิดปาก แจงสื่อ แล้วว่า จะบินกลับไป ลงเล่น ให้ ลิเวอร์พูล พร้อม อลิสซง เบ็คเกอร์ นายทวาร ร่วมชาติ ฉะกับ วัตฟอร์ด ทันมั้ย หลัง จาก ต้อง ลงเล่นให้ แผ่นดินเกิด ในศึก ฟุตบอลโลก รอบคัดเลือก,Yes
 สกาย เบต บริษัท รับพนัน ที่ถูกกฎหมาย ของ ประเทศอังกฤษ ปรับราคาให้ แฟร้งค์ แลมพาร์ด อดีตผู้จัดการทีม เชลซี ขึ้นมาเป็นเต็ง 1 ที่จะได้ เข้ามา เป็น กุนซือ คนใหม่ ของ นิวคาสเซิ่ล ยูไนเต็ด แทน สตีฟ บรูซ ที่ใกล้ชะตาขาดเต็มที,Yes
ทีม พรีเมียร์ลีก ร่วมใจ ลงขัน เช่าเจ็ต ไปรับ 9 นักเตะ อเมริกาใต้ ในเกม บราซิล พบ อุรุกวัย เพื่อ อำนวย ความสะดวก และ รวดเร็ว,Yes
แฟนบอล เทใจ โหวต ให้ โม ซาลาห์ ดาวเตะ ลิเวอร์พูล ซิวแข้ง ยอดเยี่ยม พรีเมียร์ลีก เดือน กันยายน ของ พีเอฟเอ โดย เอาชนะ ทั้ง คริสเตียโน่ โรนัลโด้ อันโตนิโอ รือดิเกอร์ และ มิชาอิล อันโตนิโอ,Yes
คาด 11 ตัวจริง แมนฯ ยูไนเต็ด ในซีซั่นหน้า หากได้ 2 กองกลางเป้าหมาย หลังคู่หู เฟร็ด และ สกอตต์ แม็คโทมิเนย์ ทำ ผลงาน ร่วมกัน ไม่ถูกใจ แฟนบอล,Yes
จอห์น บาร์นส์ ระบุ ในมุมมองของตน ปอล ป็อกบา มีทัศนคติ ตอนเล่น ให้ แมนฯ ยูไนเต็ด แย่กว่า ตอนเล่น กับทีม ชาติฝรั่งเศส เพราะ ตอนรับใช้ บ้านเกิด เขาเล่น แบบเป็นทีม ได้ ขณะที่ ตอนอยู่กับ ต้นสังกัด กลับทำตัว เหมือน เป็น ซูเปอร์สตาร์ มากเกินไป,Yes
ด็อกเตอร์ ทอม เบสัน ผู้เชี่ยวชาญ ด้าน การเงิน ของ กีฬาฟุตบอล แสดงควาเห็นว่า นิวคาสเซิ่ล อาจจะมีหวัง ได้แชมป์ ภายในเวลา 10 ปี แต่ต้อง ภายใต้ เงื่อนไข ว่าพวกเขา ต้องวาง โครงสร้างต่างๆ ให้ ออกมา ดีด้วย โดย ยกกรณี ของ แมนฯ ซิตี้ กับ เชลซี มา เป็น ตัวอย่าง,Yes
เดวิด เบ็คแฮม อดีต ยอดแข้ง ของ แมนฯ ยูไนเต็ด ระบุ ตน ไม่เคยโกรธ เซอร์ อเล็กซ์ เฟอร์กูสัน จาก เหตุการณ์ ที่อีกฝ่าย เผลอ เตะ รองเท้าสตั๊ด มาโดนตน พร้อมยกย่อง เฟอร์กูสัน ว่าเป็น เหมือน พ่อ ที่ดีอยู่เสมอ,Yes
ผู้สื่อข่าว รายงาน จาก จังหวัดราชบุรี หลัง ได้รับการ เปิดเผย จาก น.ส.วราภรณ์ พงษ์ศักดิ์ อายุ 41 ปี เจ้าของ บ้านเลขที่ 14 หมู่ที่ 5 ต.หินกอง อ.เมือง จ.ราชบุรี ว่ามี เต่าขนาดใหญ่ คลานเข้าบ้าน ช่วงกลางดึก เชื่อว่ามาให้โชคลาภ,No
ซีพี ดับข่าวลือ เจ้าสัวธนินท์ ถือ สัญชาติ จีน ยืนยัน เป็น คนไทย เกิด ใน ไทย ถือ สัญชาติ ไทย,No
ประกัน ลัมโบร์กินี 31 ล้าน เผย จบ ด้วยดี เจ้าของ รถหรู เสนอ ซ่อม กระบะ คู่กรณี ทั้งคัน จริง,No
ประยุทธ์ ย้ำ พร้อม เปิด ประเทศ ภายใน พฤศจิกายน นี้ ยืนยัน ตั้งใจ พลิกฟื้น ท่องเที่ยว ไทย กลับมา อีกครั้ง,No
เฮติ เตรียมคืน วัคซีน โมเดอร์นา หลายแสน โดส ก่อน หมดอายุ เพราะ ฉีด ไม่ทัน,No
ข่าวดัง กระฉ่อน ไปถึง รัสเซีย เด็กชาย ชาวรัสเซีย อายุ 7 ปี พลัดตก บ่อน้ำร้อน ใน อำเภอปาย บาดเจ็บ สาหัส แม่โวย ตำรวจไทย ไม่รับ แจ้งความ,No
ญี่ปุ่น ประกาศ ยุบ สภา เลือกตั้งใหม่ 31 ตุลาคม ชี้ชะตา นายก หลังขึ้นสู่ ตำแหน่ง ไม่ถึงเดือน,No
เพื่อไทย ซัดแหลก หลัง ปปช ตี ตก ไม่ชี้มูล ความผิด พลเอก ปรีชา จันทร์โอชา,No
ล่าสุด สถานการณ์ การแพร่ระบาด ของโรคติดเชื้อ ไวรัสโคโรนา 2019  COVID19 หรือ โควิด19 ในไทยวันนี้ พบ ผู้ติดเชื้อ รายใหม่เ พิ่ม 11276 ราย แบ่งเป็น ผู้ติดเชื้อใหม่ 11142 ราย,No
พิพัฒน์ ชง ของบ ประมาณ 200 ล้านบาท เพื่อเป็นค่าตัวของ ลิซ่า BLACKPINK และ นักร้อง โอเปร่า ระดับโลก มาร่วม งาน เคาท์ดาวน์ ปีใหม่ ใน เมืองไทย หวัง ดึงดูด นักท่องเที่ยว แฟนคลับ,No
